"DATASOURCE","CHECKTABLE","ZXREF_ZSOURCE","ZXREF_VALUE","ZXREF_DESCRIPTION","TARGET_VALUE","TARGET_DESCRIPTION","LOAD_VALUE","SUGGESTED_VALUE","NOT_APPLICABLE","CREATED_FROM","LOCKED_BY","LOCKED_ON","CREATED_BY","CREATED_ON","MODIFIED_BY","MODIFIED_ON"
BAR,COUNTRY_LIST,FOO,Ca,,CA,,,,false,AUG_VENDOR_FOO_SUPPLIER_S,,,donna.knox,2024-08-02 00:00:00.000,donna.knox,2025-05-28 15:17:08.690
BAR,COUNTRY_LIST,FOO,US,,US,,,,false,AUG_VENDOR_FOO_SUPPLIER_S,,,donna.knox,2024-08-02 00:00:00.000,donna.knox,2025-05-28 15:17:08.947
BAR,COUNTRY_LIST,FOO,USA,,US,,,,false,AUG_VENDOR_FOO_SUPPLIER_S,,,donna.knox,2024-08-02 00:00:00.000,donna.knox,2025-05-28 15:17:07.687
BAR,COUNTRY_LIST,FOODS,Ca,,,,,,false,ER_VENDOR_FOODS_SUPPLIER_S,,,Administrator,2026-03-13 00:00:00.000,,
BAR,COUNTRY_LIST,FOODS,Canada,,CA,,,,false,VENDOROCTTES_VENDOR_FOODS_SUPPLIER_S,,,Administrator,2024-08-27 00:00:00.000,donna.knox,2026-03-12 19:24:59.800
BAR,COUNTRY_LIST,FOODS,United States,,US,,,,false,VENDOROCTTES_VENDOR_FOODS_SUPPLIER_S,,,Administrator,2024-08-27 00:00:00.000,donna.knox,2026-03-12 19:25:00.077
BAR,COUNTRY_LIST,FOODS,US,,,,,,false,ER_VENDOR_FOODS_SUPPLIER_S,,,Administrator,2026-03-13 00:00:00.000,,
BAR,COUNTRY_LIST,FOODS,USA,,,,,,false,ER_VENDOR_FOODS_SUPPLIER_S,,,Administrator,2026-03-13 00:00:00.000,,
BAR,REGION_LIST,FOO,Arizona,,,,,,false,J3_VR_FOO_SUPPLIER_S,,,donna.knox,2025-07-07 00:00:00.000,,
BAR,REGION_LIST,FOO,AZ ,,,,,,true,AUG_VENDOR_FOO_SUPPLIER_S,,,donna.knox,2024-08-02 00:00:00.000,yash.maheshwari,2025-05-21 10:58:25.190
BAR,REGION_LIST,FOO,AZ_US,,,,,,false,J725_VENDOR_FOO_SUPPLIER_S,,,Administrator,2025-07-07 00:00:00.000,,
BAR,REGION_LIST,FOO,CA ,,AS-AS ,,,,false,AUG_VENDOR_FOO_SUPPLIER_S,,,donna.knox,2024-08-02 00:00:00.000,kalyan.udayagiri,2025-05-22 10:23:28.590
BAR,REGION_LIST,FOO,Ca_ID ,,,,,,false,J25_VDR_FOO_SUPPLIER_S,,,Administrator,2025-05-27 00:00:00.000,,
BAR,REGION_LIST,FOO,Ca_MO ,,,,,,false,J25_VDR_FOO_SUPPLIER_S,,,Administrator,2025-05-27 00:00:00.000,,
BAR,REGION_LIST,FOO,Ca_OR ,,,,,,false,J25_VDR_FOO_SUPPLIER_S,,,Administrator,2025-05-27 00:00:00.000,,
BAR,REGION_LIST,FOO,CA_US,,,,,,false,J725_VENDOR_FOO_SUPPLIER_S,,,Administrator,2025-07-07 00:00:00.000,,
BAR,REGION_LIST,FOO,CA_USA,,,,,,false,J725_VENDOR_FOO_SUPPLIER_S,,,Administrator,2025-07-07 00:00:00.000,,
BAR,REGION_LIST,FOO,Ca_WA ,,,,,,false,J25_VDR_FOO_SUPPLIER_S,,,Administrator,2025-05-27 00:00:00.000,,
BAR,REGION_LIST,FOO,California,,,,,,false,J3_VR_FOO_SUPPLIER_S,,,donna.knox,2025-07-07 00:00:00.000,,
BAR,REGION_LIST,FOO,CanadaID ,,,,,,false,D25_VENDOR_FOO_SUPPLIER_S,,,Administrator,2025-12-26 00:00:00.000,,
BAR,REGION_LIST,FOO,CanadaMO ,,,,,,false,D25_VENDOR_FOO_SUPPLIER_S,,,Administrator,2025-12-26 00:00:00.000,,
BAR,REGION_LIST,FOO,CanadaOR ,,,,,,false,D25_VENDOR_FOO_SUPPLIER_S,,,Administrator,2025-12-26 00:00:00.000,,
BAR,REGION_LIST,FOO,CanadaWA ,,,,,,false,D25_VENDOR_FOO_SUPPLIER_S,,,Administrator,2025-12-26 00:00:00.000,,
BAR,REGION_LIST,FOO,ID ,,,,,,false,AUG_VENDOR_FOO_SUPPLIER_S,,,donna.knox,2024-08-02 00:00:00.000,,
BAR,REGION_LIST,FOO,ID_Ca,,,,,,false,J725_VENDOR_FOO_SUPPLIER_S,,,Administrator,2025-07-07 00:00:00.000,,
BAR,REGION_LIST,FOO,ID_US,,,,,,false,J725_VENDOR_FOO_SUPPLIER_S,,,Administrator,2025-07-07 00:00:00.000,,
BAR,REGION_LIST,FOO,Idaho,,,,,,false,J3_VR_FOO_SUPPLIER_S,,,donna.knox,2025-07-07 00:00:00.000,,
BAR,REGION_LIST,FOO,IL ,,,,,,false,AUG_VENDOR_FOO_SUPPLIER_S,,,donna.knox,2024-08-02 00:00:00.000,yash.maheshwari,2025-05-21 11:39:17.423
BAR,REGION_LIST,FOO,IL_US,,,,,,false,J725_VENDOR_FOO_SUPPLIER_S,,,Administrator,2025-07-07 00:00:00.000,,
BAR,REGION_LIST,FOO,Illinois,,,,,,false,J3_VR_FOO_SUPPLIER_S,,,donna.knox,2025-07-07 00:00:00.000,,
BAR,REGION_LIST,FOO,MA ,,,,,,false,AUG_VENDOR_FOO_SUPPLIER_S,,,donna.knox,2024-08-02 00:00:00.000,,
BAR,REGION_LIST,FOO,MA_US,,,,,,false,J725_VENDOR_FOO_SUPPLIER_S,,,Administrator,2025-07-07 00:00:00.000,,
BAR,REGION_LIST,FOO,Massachusetts,,,,,,false,J3_VR_FOO_SUPPLIER_S,,,donna.knox,2025-07-07 00:00:00.000,,
BAR,REGION_LIST,FOO,MI ,,,,,,false,AUG_VENDOR_FOO_SUPPLIER_S,,,donna.knox,2024-08-02 00:00:00.000,,
BAR,REGION_LIST,FOO,MI_US,,,,,,false,J725_VENDOR_FOO_SUPPLIER_S,,,Administrator,2025-07-07 00:00:00.000,,
BAR,REGION_LIST,FOO,Michigan,,,,,,false,J3_VR_FOO_SUPPLIER_S,,,donna.knox,2025-07-07 00:00:00.000,,
BAR,REGION_LIST,FOO,Missouri,,,,,,false,J3_VR_FOO_SUPPLIER_S,,,donna.knox,2025-07-07 00:00:00.000,,
BAR,REGION_LIST,FOO,MO ,,,,,,false,AUG_VENDOR_FOO_SUPPLIER_S,,,donna.knox,2024-08-02 00:00:00.000,,
BAR,REGION_LIST,FOO,MO_Ca,,,,,,false,J725_VENDOR_FOO_SUPPLIER_S,,,Administrator,2025-07-07 00:00:00.000,,
BAR,REGION_LIST,FOO,MO_US,,,,,,false,J725_VENDOR_FOO_SUPPLIER_S,,,Administrator,2025-07-07 00:00:00.000,,
BAR,REGION_LIST,FOO,Montana,,,,,,false,J3_VR_FOO_SUPPLIER_S,,,donna.knox,2025-07-07 00:00:00.000,,
BAR,REGION_LIST,FOO,MT ,,,,,,false,AUG_VENDOR_FOO_SUPPLIER_S,,,donna.knox,2024-08-02 00:00:00.000,,
BAR,REGION_LIST,FOO,MT_US,,,,,,false,J725_VENDOR_FOO_SUPPLIER_S,,,Administrator,2025-07-07 00:00:00.000,,
BAR,REGION_LIST,FOO,NE ,,,,,,false,AUG_VENDOR_FOO_SUPPLIER_S,,,donna.knox,2024-08-02 00:00:00.000,,
BAR,REGION_LIST,FOO,NE_US,,,,,,false,J725_VENDOR_FOO_SUPPLIER_S,,,Administrator,2025-07-07 00:00:00.000,,
BAR,REGION_LIST,FOO,Nebraska,,,,,,false,J3_VR_FOO_SUPPLIER_S,,,donna.knox,2025-07-07 00:00:00.000,,
BAR,REGION_LIST,FOO,Nevada,,,,,,false,J3_VR_FOO_SUPPLIER_S,,,donna.knox,2025-07-07 00:00:00.000,,
BAR,REGION_LIST,FOO,New York,,,,,,false,J3_VR_FOO_SUPPLIER_S,,,donna.knox,2025-07-07 00:00:00.000,,
BAR,REGION_LIST,FOO,NV ,,,,,,false,AUG_VENDOR_FOO_SUPPLIER_S,,,donna.knox,2024-08-02 00:00:00.000,,
BAR,REGION_LIST,FOO,NV_US,,,,,,false,J725_VENDOR_FOO_SUPPLIER_S,,,Administrator,2025-07-07 00:00:00.000,,
BAR,REGION_LIST,FOO,NY ,,,,,,false,AUG_VENDOR_FOO_SUPPLIER_S,,,donna.knox,2024-08-02 00:00:00.000,,
BAR,REGION_LIST,FOO,NY_US,,,,,,false,J725_VENDOR_FOO_SUPPLIER_S,,,Administrator,2025-07-07 00:00:00.000,,
BAR,REGION_LIST,FOO,OR ,,,,,,false,AUG_VENDOR_FOO_SUPPLIER_S,,,donna.knox,2024-08-02 00:00:00.000,priyanshu.bansal,2024-08-28 11:39:01.040
BAR,REGION_LIST,FOO,OR_Ca,,,,,,false,J725_VENDOR_FOO_SUPPLIER_S,,,Administrator,2025-07-07 00:00:00.000,,
BAR,REGION_LIST,FOO,OR_US,,,,,,false,J725_VENDOR_FOO_SUPPLIER_S,,,Administrator,2025-07-07 00:00:00.000,,
BAR,REGION_LIST,FOO,Oragon,,,,,,false,J3_VR_FOO_SUPPLIER_S,,,donna.knox,2025-07-07 00:00:00.000,,
BAR,REGION_LIST,FOO,Oregon,,,,,,false,J3_VR_FOO_SUPPLIER_S,,,donna.knox,2025-07-07 00:00:00.000,,
BAR,REGION_LIST,FOO,Texas,,,,,,false,J3_VR_FOO_SUPPLIER_S,,,donna.knox,2025-07-07 00:00:00.000,,
BAR,REGION_LIST,FOO,TX ,,,,,,false,AUG_VENDOR_FOO_SUPPLIER_S,,,donna.knox,2024-08-02 00:00:00.000,priyanshu.bansal,2024-08-28 11:15:32.963
BAR,REGION_LIST,FOO,TX_US,,,,,,false,J725_VENDOR_FOO_SUPPLIER_S,,,Administrator,2025-07-07 00:00:00.000,,
BAR,REGION_LIST,FOO,United StatesAZ ,,,,,,false,D25_VENDOR_FOO_SUPPLIER_S,,,Administrator,2025-12-26 00:00:00.000,,
BAR,REGION_LIST,FOO,United StatesCA ,,,,,,false,D25_VENDOR_FOO_SUPPLIER_S,,,Administrator,2025-12-26 00:00:00.000,,
BAR,REGION_LIST,FOO,United StatesID ,,,,,,false,D25_VENDOR_FOO_SUPPLIER_S,,,Administrator,2025-12-26 00:00:00.000,,
BAR,REGION_LIST,FOO,United StatesIL ,,,,,,false,D25_VENDOR_FOO_SUPPLIER_S,,,Administrator,2025-12-26 00:00:00.000,,
BAR,REGION_LIST,FOO,United StatesMA ,,,,,,false,D25_VENDOR_FOO_SUPPLIER_S,,,Administrator,2025-12-26 00:00:00.000,,
BAR,REGION_LIST,FOO,United StatesMI ,,,,,,false,D25_VENDOR_FOO_SUPPLIER_S,,,Administrator,2025-12-26 00:00:00.000,,
BAR,REGION_LIST,FOO,United StatesMO ,,,,,,false,D25_VENDOR_FOO_SUPPLIER_S,,,Administrator,2025-12-26 00:00:00.000,,
BAR,REGION_LIST,FOO,United StatesMT ,,,,,,false,D25_VENDOR_FOO_SUPPLIER_S,,,Administrator,2025-12-26 00:00:00.000,,
BAR,REGION_LIST,FOO,United StatesNE ,,,,,,false,D25_VENDOR_FOO_SUPPLIER_S,,,Administrator,2025-12-26 00:00:00.000,,
BAR,REGION_LIST,FOO,United StatesNV ,,,,,,false,D25_VENDOR_FOO_SUPPLIER_S,,,Administrator,2025-12-26 00:00:00.000,,
BAR,REGION_LIST,FOO,United StatesNY ,,,,,,false,D25_VENDOR_FOO_SUPPLIER_S,,,Administrator,2025-12-26 00:00:00.000,,
BAR,REGION_LIST,FOO,United StatesOR ,,,,,,false,D25_VENDOR_FOO_SUPPLIER_S,,,Administrator,2025-12-26 00:00:00.000,,
BAR,REGION_LIST,FOO,United StatesTX ,,,,,,false,D25_VENDOR_FOO_SUPPLIER_S,,,Administrator,2025-12-26 00:00:00.000,,
BAR,REGION_LIST,FOO,United StatesUT ,,,,,,false,D25_VENDOR_FOO_SUPPLIER_S,,,Administrator,2025-12-26 00:00:00.000,,
BAR,REGION_LIST,FOO,United StatesWA ,,,,,,false,D25_VENDOR_FOO_SUPPLIER_S,,,Administrator,2025-12-26 00:00:00.000,,
BAR,REGION_LIST,FOO,United StatesWY ,,,,,,false,D25_VENDOR_FOO_SUPPLIER_S,,,Administrator,2025-12-26 00:00:00.000,,
BAR,REGION_LIST,FOO,US_AZ ,,US-AZ ,,,,false,J25_VDR_FOO_SUPPLIER_S,,,Administrator,2025-05-27 00:00:00.000,donna.knox,2025-05-28 15:11:28.503
BAR,REGION_LIST,FOO,US_CA ,,US-CA ,,,,false,J25_VDR_FOO_SUPPLIER_S,,,Administrator,2025-05-27 00:00:00.000,donna.knox,2025-05-28 15:11:28.187
BAR,REGION_LIST,FOO,US_ID ,,US-ID ,,,,false,J25_VDR_FOO_SUPPLIER_S,,,Administrator,2025-05-27 00:00:00.000,donna.knox,2025-05-28 15:11:28.503
BAR,REGION_LIST,FOO,US_IL ,,US-IL ,,,,false,J25_VDR_FOO_SUPPLIER_S,,,Administrator,2025-05-27 00:00:00.000,donna.knox,2025-05-28 15:11:28.833
BAR,REGION_LIST,FOO,US_MA ,,US-MA ,,,,false,J25_VDR_FOO_SUPPLIER_S,,,Administrator,2025-05-27 00:00:00.000,donna.knox,2025-05-28 15:11:28.663
BAR,REGION_LIST,FOO,US_MI ,,,,,,false,J25_VDR_FOO_SUPPLIER_S,,,Administrator,2025-05-27 00:00:00.000,,
BAR,REGION_LIST,FOO,US_MO ,,US-MO ,,,,false,J25_VDR_FOO_SUPPLIER_S,,,Administrator,2025-05-27 00:00:00.000,donna.knox,2025-05-28 15:11:28.283
BAR,REGION_LIST,FOO,US_MT ,,,,,,false,J25_VDR_FOO_SUPPLIER_S,,,Administrator,2025-05-27 00:00:00.000,,
BAR,REGION_LIST,FOO,US_NE ,,,,,,false,J25_VDR_FOO_SUPPLIER_S,,,Administrator,2025-05-27 00:00:00.000,,
BAR,REGION_LIST,FOO,US_NV ,,US-NV ,,,,false,J25_VDR_FOO_SUPPLIER_S,,,Administrator,2025-05-27 00:00:00.000,donna.knox,2025-05-28 15:11:28.237
BAR,REGION_LIST,FOO,US_NY ,,US-NY ,,,,false,J25_VDR_FOO_SUPPLIER_S,,,Administrator,2025-05-27 00:00:00.000,donna.knox,2025-05-28 15:11:28.280
BAR,REGION_LIST,FOO,US_OR ,,,,,,false,J25_VDR_FOO_SUPPLIER_S,,,Administrator,2025-05-27 00:00:00.000,,
BAR,REGION_LIST,FOO,US_TX ,,US-TX ,,,,false,J25_VDR_FOO_SUPPLIER_S,,,Administrator,2025-05-27 00:00:00.000,donna.knox,2025-05-28 15:11:28.580
BAR,REGION_LIST,FOO,US_UT ,,,,,,false,J25_VDR_FOO_SUPPLIER_S,,,Administrator,2025-05-27 00:00:00.000,,
BAR,REGION_LIST,FOO,US_WA ,,US-WA ,,,,false,J25_VDR_FOO_SUPPLIER_S,,,Administrator,2025-05-27 00:00:00.000,donna.knox,2025-05-28 15:11:28.503
BAR,REGION_LIST,FOO,US_WY ,,US-WY ,,,,false,J25_VDR_FOO_SUPPLIER_S,,,Administrator,2025-05-27 00:00:00.000,donna.knox,2025-05-28 15:11:28.503
BAR,REGION_LIST,FOO,USA_CA ,,,,,,false,J25_VDR_FOO_SUPPLIER_S,,,Administrator,2025-05-27 00:00:00.000,,
BAR,REGION_LIST,FOO,USA_WA ,,,,,,false,J25_VDR_FOO_SUPPLIER_S,,,Administrator,2025-05-27 00:00:00.000,,
BAR,REGION_LIST,FOO,UT ,,,,,,false,AUG_VENDOR_FOO_SUPPLIER_S,,,donna.knox,2024-08-02 00:00:00.000,,
BAR,REGION_LIST,FOO,UT_US,,,,,,false,J725_VENDOR_FOO_SUPPLIER_S,,,Administrator,2025-07-07 00:00:00.000,,
BAR,REGION_LIST,FOO,Utah,,,,,,false,J3_VR_FOO_SUPPLIER_S,,,donna.knox,2025-07-07 00:00:00.000,,
BAR,REGION_LIST,FOO,WA ,,,,,,false,AUG_VENDOR_FOO_SUPPLIER_S,,,donna.knox,2024-08-02 00:00:00.000,,
BAR,REGION_LIST,FOO,WA_Ca,,,,,,false,J725_VENDOR_FOO_SUPPLIER_S,,,Administrator,2025-07-07 00:00:00.000,,
BAR,REGION_LIST,FOO,WA_US,,,,,,false,J725_VENDOR_FOO_SUPPLIER_S,,,Administrator,2025-07-07 00:00:00.000,,
BAR,REGION_LIST,FOO,WA_USA,,,,,,false,J725_VENDOR_FOO_SUPPLIER_S,,,Administrator,2025-07-07 00:00:00.000,,
BAR,REGION_LIST,FOO,Washington,,,,,,false,J3_VR_FOO_SUPPLIER_S,,,donna.knox,2025-07-07 00:00:00.000,,
BAR,REGION_LIST,FOO,WY ,,,,,,false,AUG_VENDOR_FOO_SUPPLIER_S,,,donna.knox,2024-08-02 00:00:00.000,,
BAR,REGION_LIST,FOO,WY_US,,,,,,false,J725_VENDOR_FOO_SUPPLIER_S,,,Administrator,2025-07-07 00:00:00.000,,
BAR,REGION_LIST,FOO,Wyoming,,,,,,false,J3_VR_FOO_SUPPLIER_S,,,donna.knox,2025-07-07 00:00:00.000,,
BAR,REGION_LIST,FOODS,CaID ,,,,,,false,ER_VENDOR_FOODS_SUPPLIER_S,,,Administrator,2026-03-13 00:00:00.000,,
BAR,REGION_LIST,FOODS,CaMO ,,,,,,false,ER_VENDOR_FOODS_SUPPLIER_S,,,Administrator,2026-03-13 00:00:00.000,,
BAR,REGION_LIST,FOODS,CaOR ,,,,,,false,ER_VENDOR_FOODS_SUPPLIER_S,,,Administrator,2026-03-13 00:00:00.000,,
BAR,REGION_LIST,FOODS,CaWA ,,,,,,false,ER_VENDOR_FOODS_SUPPLIER_S,,,Administrator,2026-03-13 00:00:00.000,,
BAR,REGION_LIST,FOODS,USACA ,,,,,,false,ER_VENDOR_FOODS_SUPPLIER_S,,,Administrator,2026-03-13 00:00:00.000,,
BAR,REGION_LIST,FOODS,USAWA ,,,,,,false,ER_VENDOR_FOODS_SUPPLIER_S,,,Administrator,2026-03-13 00:00:00.000,,
BAR,REGION_LIST,FOODS,USAZ ,,,,,,false,ER_VENDOR_FOODS_SUPPLIER_S,,,Administrator,2026-03-13 00:00:00.000,,
BAR,REGION_LIST,FOODS,USCA ,,,,,,false,ER_VENDOR_FOODS_SUPPLIER_S,,,Administrator,2026-03-13 00:00:00.000,,
BAR,REGION_LIST,FOODS,USID ,,,,,,false,ER_VENDOR_FOODS_SUPPLIER_S,,,Administrator,2026-03-13 00:00:00.000,,
BAR,REGION_LIST,FOODS,USIL ,,,,,,false,ER_VENDOR_FOODS_SUPPLIER_S,,,Administrator,2026-03-13 00:00:00.000,,
BAR,REGION_LIST,FOODS,USMA ,,,,,,false,ER_VENDOR_FOODS_SUPPLIER_S,,,Administrator,2026-03-13 00:00:00.000,,
BAR,REGION_LIST,FOODS,USMI ,,,,,,false,ER_VENDOR_FOODS_SUPPLIER_S,,,Administrator,2026-03-13 00:00:00.000,,
BAR,REGION_LIST,FOODS,USMO ,,,,,,false,ER_VENDOR_FOODS_SUPPLIER_S,,,Administrator,2026-03-13 00:00:00.000,,
BAR,REGION_LIST,FOODS,USMT ,,,,,,false,ER_VENDOR_FOODS_SUPPLIER_S,,,Administrator,2026-03-13 00:00:00.000,,
BAR,REGION_LIST,FOODS,USNE ,,,,,,false,ER_VENDOR_FOODS_SUPPLIER_S,,,Administrator,2026-03-13 00:00:00.000,,
BAR,REGION_LIST,FOODS,USNV ,,,,,,false,ER_VENDOR_FOODS_SUPPLIER_S,,,Administrator,2026-03-13 00:00:00.000,,
BAR,REGION_LIST,FOODS,USNY ,,,,,,false,ER_VENDOR_FOODS_SUPPLIER_S,,,Administrator,2026-03-13 00:00:00.000,,
BAR,REGION_LIST,FOODS,USOR ,,,,,,false,ER_VENDOR_FOODS_SUPPLIER_S,,,Administrator,2026-03-13 00:00:00.000,,
BAR,REGION_LIST,FOODS,USTX ,,,,,,false,ER_VENDOR_FOODS_SUPPLIER_S,,,Administrator,2026-03-13 00:00:00.000,,
BAR,REGION_LIST,FOODS,USUT ,,,,,,false,ER_VENDOR_FOODS_SUPPLIER_S,,,Administrator,2026-03-13 00:00:00.000,,
BAR,REGION_LIST,FOODS,USWA ,,,,,,false,ER_VENDOR_FOODS_SUPPLIER_S,,,Administrator,2026-03-13 00:00:00.000,,
BAR,REGION_LIST,FOODS,USWY ,,,,,,false,ER_VENDOR_FOODS_SUPPLIER_S,,,Administrator,2026-03-13 00:00:00.000,,
BAR,REGION_LIST,NORTHWIND,test,,AU-TAS,,,,false,,,,kalyan.udayagiri+map,2026-02-04 14:35:46.347,,
BAR,T005S,FOODS,Arizona,,,,,,false,VENDOROCTTES_VENDOR_FOODS_SUPPLIER_S,,,Administrator,2024-08-27 00:00:00.000,,
BAR,T005S,FOODS,California,,,,,,false,VENDOROCTTES_VENDOR_FOODS_SUPPLIER_S,,,Administrator,2024-08-27 00:00:00.000,,
BAR,T005S,FOODS,Idaho,,,,,,false,VENDOROCTTES_VENDOR_FOODS_SUPPLIER_S,,,Administrator,2024-08-27 00:00:00.000,,
BAR,T005S,FOODS,Illinois,,,,,,false,VENDOROCTTES_VENDOR_FOODS_SUPPLIER_S,,,Administrator,2024-08-27 00:00:00.000,,
BAR,T005S,FOODS,Massachusetts,,,,,,false,VENDOROCTTES_VENDOR_FOODS_SUPPLIER_S,,,Administrator,2024-08-27 00:00:00.000,,
BAR,T005S,FOODS,Michigan,,,,,,false,VENDOROCTTES_VENDOR_FOODS_SUPPLIER_S,,,Administrator,2024-08-27 00:00:00.000,,
BAR,T005S,FOODS,Missouri,,,,,,false,VENDOROCTTES_VENDOR_FOODS_SUPPLIER_S,,,Administrator,2024-08-27 00:00:00.000,,
BAR,T005S,FOODS,Montana,,,,,,false,VENDOROCTTES_VENDOR_FOODS_SUPPLIER_S,,,Administrator,2024-08-27 00:00:00.000,,
BAR,T005S,FOODS,Nebraska,,,,,,false,VENDOROCTTES_VENDOR_FOODS_SUPPLIER_S,,,Administrator,2024-08-27 00:00:00.000,,
BAR,T005S,FOODS,Nevada,,,,,,false,VENDOROCTTES_VENDOR_FOODS_SUPPLIER_S,,,Administrator,2024-08-27 00:00:00.000,,
BAR,T005S,FOODS,New York,,,,,,false,VENDOROCTTES_VENDOR_FOODS_SUPPLIER_S,,,Administrator,2024-08-27 00:00:00.000,,
BAR,T005S,FOODS,Oragon,,,,,,false,VENDOROCTTES_VENDOR_FOODS_SUPPLIER_S,,,Administrator,2024-08-27 00:00:00.000,,
BAR,T005S,FOODS,Oregon,,,,,,false,VENDOROCTTES_VENDOR_FOODS_SUPPLIER_S,,,Administrator,2024-08-27 00:00:00.000,,
BAR,T005S,FOODS,Texas,,,,,,false,VENDOROCTTES_VENDOR_FOODS_SUPPLIER_S,,,Administrator,2024-08-27 00:00:00.000,,
BAR,T005S,FOODS,Utah,,,,,,false,VENDOROCTTES_VENDOR_FOODS_SUPPLIER_S,,,Administrator,2024-08-27 00:00:00.000,,
BAR,T005S,FOODS,Washington,,,,,,false,VENDOROCTTES_VENDOR_FOODS_SUPPLIER_S,,,Administrator,2024-08-27 00:00:00.000,,
BAR,T005S,FOODS,Wyoming,,,,,,false,VENDOROCTTES_VENDOR_FOODS_SUPPLIER_S,,,Administrator,2024-08-27 00:00:00.000,,
BARDS,COUNTRY_LIST,FOODS,Ca,,,,,,false,RE_VENDOR_FOODS_SUPPLIER_S,,,Administrator,2024-09-05 00:00:00.000,Deepak.S,2025-11-21 09:47:46.047
BARDS,COUNTRY_LIST,FOODS,Canada,,CA,,,,false,M25_VENDOR_FOODS_SUPPLIER_S,,,Administrator,2025-03-03 00:00:00.000,donna.knox,2025-03-03 22:32:33.917
BARDS,COUNTRY_LIST,FOODS,United States,,US,,,,false,M25_VENDOR_FOODS_SUPPLIER_S,,,Administrator,2025-03-03 00:00:00.000,donna.knox,2025-04-28 18:51:12.757
BARDS,COUNTRY_LIST,FOODS,US,,US,,,,false,RE_VENDOR_FOODS_SUPPLIER_S,,,Administrator,2024-09-05 00:00:00.000,donna.knox,2025-03-03 22:32:33.710
BARDS,COUNTRY_LIST,FOODS,USA,,US,,,,false,RE_VENDOR_FOODS_SUPPLIER_S,,,Administrator,2024-09-05 00:00:00.000,donna.knox,2025-04-28 18:51:12.757
BARDS,COUNTRY_LIST,FOODS,UXT,Added Country,OM,,,,false,,,,donna.knox,2025-03-03 22:24:11.173,,
BARDS,REGION_LIST,FOODS,AZ ,,AZ,,,,false,RE_VENDOR_FOODS_SUPPLIER_S,,,Administrator,2024-09-05 00:00:00.000,kalyan.udayagiri,2025-05-22 09:59:19.830
BARDS,REGION_LIST,FOODS,AZ _US,,AZ,,,,false,APR25_VENDOR_FOODS_SUPPLIER_S,,,Administrator,2025-04-24 00:00:00.000,kalyan.udayagiri,2025-05-22 09:59:20.233
BARDS,REGION_LIST,FOODS,CA ,,CA,,,,false,RE_VENDOR_FOODS_SUPPLIER_S,,,Administrator,2024-09-05 00:00:00.000,kalyan.udayagiri,2025-05-22 09:59:19.823
BARDS,REGION_LIST,FOODS,CA _US,,CA,,,,false,APR25_VENDOR_FOODS_SUPPLIER_S,,,Administrator,2025-04-24 00:00:00.000,kalyan.udayagiri,2025-05-22 09:59:19.823
BARDS,REGION_LIST,FOODS,CA _USA,,CA,,,,false,APR25_VENDOR_FOODS_SUPPLIER_S,,,Administrator,2025-04-24 00:00:00.000,kalyan.udayagiri,2025-05-22 09:59:19.827
BARDS,REGION_LIST,FOODS,CaID ,,,,,,false,M26_VENDOR_FOODS_SUPPLIER_S,,,Administrator,2026-02-26 00:00:00.000,,
BARDS,REGION_LIST,FOODS,California,,CA,,,,false,KA_VENDOR_FOODS_SUPPLIER_S,,,Administrator,2024-07-23 00:00:00.000,kalyan.udayagiri,2025-05-22 09:59:20.860
BARDS,REGION_LIST,FOODS,CaMO ,,,,,,false,M26_VENDOR_FOODS_SUPPLIER_S,,,Administrator,2026-02-26 00:00:00.000,,
BARDS,REGION_LIST,FOODS,CaOR ,,,,,,false,M26_VENDOR_FOODS_SUPPLIER_S,,,Administrator,2026-02-26 00:00:00.000,,
BARDS,REGION_LIST,FOODS,CaWA ,,,,,,false,M26_VENDOR_FOODS_SUPPLIER_S,,,Administrator,2026-02-26 00:00:00.000,,
BARDS,REGION_LIST,FOODS,ID ,,,,,,false,KA_VENDOR_FOODS_SUPPLIER_S,,,Administrator,2026-01-07 00:00:00.000,,
BARDS,REGION_LIST,FOODS,ID _Ca,,,,,,false,APR25_VENDOR_FOODS_SUPPLIER_S,,,Administrator,2025-07-02 00:00:00.000,,
BARDS,REGION_LIST,FOODS,ID _US,,,,,,false,APR25_VENDOR_FOODS_SUPPLIER_S,,,Administrator,2025-07-02 00:00:00.000,,
BARDS,REGION_LIST,FOODS,IL ,,IL,,,,false,RE_VENDOR_FOODS_SUPPLIER_S,,,Administrator,2024-09-05 00:00:00.000,kalyan.udayagiri,2025-05-22 09:59:20.660
BARDS,REGION_LIST,FOODS,IL _US,,IL,,,,false,APR25_VENDOR_FOODS_SUPPLIER_S,,,Administrator,2025-04-24 00:00:00.000,kalyan.udayagiri,2025-05-22 09:59:20.663
BARDS,REGION_LIST,FOODS,Illinois,,IL,,,,false,KA_VENDOR_FOODS_SUPPLIER_S,,,Administrator,2024-07-23 00:00:00.000,kalyan.udayagiri,2025-05-22 09:59:20.813
BARDS,REGION_LIST,FOODS,MA ,,MA,,,,false,RE_VENDOR_FOODS_SUPPLIER_S,,,Administrator,2024-09-05 00:00:00.000,kalyan.udayagiri,2025-05-22 09:59:20.923
BARDS,REGION_LIST,FOODS,MA _US,,MA,,,,false,APR25_VENDOR_FOODS_SUPPLIER_S,,,Administrator,2025-04-24 00:00:00.000,kalyan.udayagiri,2025-05-22 09:59:20.680
BARDS,REGION_LIST,FOODS,Massachusetts,,MA,,,,false,KA_VENDOR_FOODS_SUPPLIER_S,,,Administrator,2024-07-23 00:00:00.000,kalyan.udayagiri,2025-05-22 09:59:20.663
BARDS,REGION_LIST,FOODS,MI ,,MI,,,,false,RE_VENDOR_FOODS_SUPPLIER_S,,,Administrator,2024-09-05 00:00:00.000,kalyan.udayagiri,2025-05-22 09:59:21.067
BARDS,REGION_LIST,FOODS,MI _US,,MI,,,,false,APR25_VENDOR_FOODS_SUPPLIER_S,,,Administrator,2025-04-24 00:00:00.000,kalyan.udayagiri,2025-05-22 09:59:20.763
BARDS,REGION_LIST,FOODS,Michigan,,MI,,,,false,KA_VENDOR_FOODS_SUPPLIER_S,,,Administrator,2024-07-23 00:00:00.000,kalyan.udayagiri,2025-05-22 09:59:21.270
BARDS,REGION_LIST,FOODS,Missouri,,MO,,,,false,KA_VENDOR_FOODS_SUPPLIER_S,,,Administrator,2024-07-23 00:00:00.000,kalyan.udayagiri,2025-05-22 09:59:21.017
BARDS,REGION_LIST,FOODS,MN,,MN,,,,false,,,,kalyan.udayagiri,2024-07-23 11:42:37.070,kalyan.udayagiri,2025-05-22 09:59:20.967
BARDS,REGION_LIST,FOODS,MO ,,MO,,,,false,RE_VENDOR_FOODS_SUPPLIER_S,,,Administrator,2024-09-05 00:00:00.000,kalyan.udayagiri,2025-05-22 09:59:21.697
BARDS,REGION_LIST,FOODS,MO _Ca,,MO,,,,false,APR25_VENDOR_FOODS_SUPPLIER_S,,,Administrator,2025-04-24 00:00:00.000,kalyan.udayagiri,2025-05-22 09:59:21.370
BARDS,REGION_LIST,FOODS,MO _US,,MO,,,,false,APR25_VENDOR_FOODS_SUPPLIER_S,,,Administrator,2025-04-24 00:00:00.000,kalyan.udayagiri,2025-05-22 09:59:21.467
BARDS,REGION_LIST,FOODS,Montana,,MT,,,,false,KA_VENDOR_FOODS_SUPPLIER_S,,,Administrator,2024-07-23 00:00:00.000,kalyan.udayagiri,2025-05-22 09:59:21.183
BARDS,REGION_LIST,FOODS,MT ,,MT,,,,false,RE_VENDOR_FOODS_SUPPLIER_S,,,Administrator,2024-09-05 00:00:00.000,kalyan.udayagiri,2025-05-22 09:59:21.227
BARDS,REGION_LIST,FOODS,MT _US,,MT,,,,false,APR25_VENDOR_FOODS_SUPPLIER_S,,,Administrator,2025-04-24 00:00:00.000,kalyan.udayagiri,2025-05-22 09:59:21.060
BARDS,REGION_LIST,FOODS,NE ,,NE,,,,false,RE_VENDOR_FOODS_SUPPLIER_S,,,Administrator,2024-09-05 00:00:00.000,kalyan.udayagiri,2025-05-22 09:59:21.267
BARDS,REGION_LIST,FOODS,NE _US,,NE,,,,false,APR25_VENDOR_FOODS_SUPPLIER_S,,,Administrator,2025-04-24 00:00:00.000,kalyan.udayagiri,2025-05-22 09:59:21.277
BARDS,REGION_LIST,FOODS,Nebraska,,NE,,,,false,KA_VENDOR_FOODS_SUPPLIER_S,,,Administrator,2024-07-23 00:00:00.000,kalyan.udayagiri,2025-05-22 09:59:21.077
BARDS,REGION_LIST,FOODS,Nevada,,NV,,,,false,KA_VENDOR_FOODS_SUPPLIER_S,,,Administrator,2024-07-23 00:00:00.000,kalyan.udayagiri,2025-05-22 09:59:21.170
BARDS,REGION_LIST,FOODS,New York,,NY,,,,false,KA_VENDOR_FOODS_SUPPLIER_S,,,Administrator,2024-07-23 00:00:00.000,kalyan.udayagiri,2025-05-22 09:59:21.463
BARDS,REGION_LIST,FOODS,NV ,,NY,,,,false,RE_VENDOR_FOODS_SUPPLIER_S,,,Administrator,2024-09-05 00:00:00.000,kalyan.udayagiri,2025-05-22 09:59:21.383
BARDS,REGION_LIST,FOODS,NV _US,,NY,,,,false,APR25_VENDOR_FOODS_SUPPLIER_S,,,Administrator,2025-04-24 00:00:00.000,kalyan.udayagiri,2025-05-22 09:59:21.123
BARDS,REGION_LIST,FOODS,NY ,,NY,,,,false,RE_VENDOR_FOODS_SUPPLIER_S,,,Administrator,2024-09-05 00:00:00.000,kalyan.udayagiri,2025-05-22 09:59:20.863
BARDS,REGION_LIST,FOODS,NY _US,,NY,,,,false,APR25_VENDOR_FOODS_SUPPLIER_S,,,Administrator,2025-04-24 00:00:00.000,kalyan.udayagiri,2025-05-22 09:59:21.467
BARDS,REGION_LIST,FOODS,OR ,,OR,,,,false,RE_VENDOR_FOODS_SUPPLIER_S,,,Administrator,2024-09-05 00:00:00.000,kalyan.udayagiri,2025-05-22 09:59:21.463
BARDS,REGION_LIST,FOODS,OR _Ca,,OR,,,,false,APR25_VENDOR_FOODS_SUPPLIER_S,,,Administrator,2025-04-24 00:00:00.000,kalyan.udayagiri,2025-05-22 09:59:21.260
BARDS,REGION_LIST,FOODS,OR _US,,OR,,,,false,APR25_VENDOR_FOODS_SUPPLIER_S,,,Administrator,2025-04-24 00:00:00.000,kalyan.udayagiri,2025-05-22 09:59:21.470
BARDS,REGION_LIST,FOODS,Oragon,,OR,,,,false,KA_VENDOR_FOODS_SUPPLIER_S,,,Administrator,2024-07-23 00:00:00.000,kalyan.udayagiri,2025-05-22 09:59:21.023
BARDS,REGION_LIST,FOODS,Oregon,,OR,,,,false,KA_VENDOR_FOODS_SUPPLIER_S,,,Administrator,2024-07-23 00:00:00.000,kalyan.udayagiri,2025-05-22 09:59:21.067
BARDS,REGION_LIST,FOODS,Texas,,TX,,,,false,KA_VENDOR_FOODS_SUPPLIER_S,,,Administrator,2024-07-23 00:00:00.000,kalyan.udayagiri,2025-05-22 09:59:21.327
BARDS,REGION_LIST,FOODS,TX ,,TX,,,,false,RE_VENDOR_FOODS_SUPPLIER_S,,,Administrator,2024-09-05 00:00:00.000,kalyan.udayagiri,2025-05-22 09:59:21.420
BARDS,REGION_LIST,FOODS,TX _US,,TX,,,,false,APR25_VENDOR_FOODS_SUPPLIER_S,,,Administrator,2025-04-24 00:00:00.000,kalyan.udayagiri,2025-05-22 09:59:21.067
BARDS,REGION_LIST,FOODS,USACA ,,,,,,false,M26_VENDOR_FOODS_SUPPLIER_S,,,Administrator,2026-02-26 00:00:00.000,,
BARDS,REGION_LIST,FOODS,USAWA ,,,,,,false,M26_VENDOR_FOODS_SUPPLIER_S,,,Administrator,2026-02-26 00:00:00.000,,
BARDS,REGION_LIST,FOODS,USAZ ,,,,,,false,M26_VENDOR_FOODS_SUPPLIER_S,,,Administrator,2026-02-26 00:00:00.000,,
BARDS,REGION_LIST,FOODS,USCA ,,,,,,false,M26_VENDOR_FOODS_SUPPLIER_S,,,Administrator,2026-02-26 00:00:00.000,,
BARDS,REGION_LIST,FOODS,USID ,,,,,,false,M26_VENDOR_FOODS_SUPPLIER_S,,,Administrator,2026-02-26 00:00:00.000,,
BARDS,REGION_LIST,FOODS,USIL ,,,,,,false,M26_VENDOR_FOODS_SUPPLIER_S,,,Administrator,2026-02-26 00:00:00.000,,
BARDS,REGION_LIST,FOODS,USMA ,,,,,,false,M26_VENDOR_FOODS_SUPPLIER_S,,,Administrator,2026-02-26 00:00:00.000,,
BARDS,REGION_LIST,FOODS,USMI ,,,,,,false,M26_VENDOR_FOODS_SUPPLIER_S,,,Administrator,2026-02-26 00:00:00.000,,
BARDS,REGION_LIST,FOODS,USMO ,,,,,,false,M26_VENDOR_FOODS_SUPPLIER_S,,,Administrator,2026-02-26 00:00:00.000,,
BARDS,REGION_LIST,FOODS,USMT ,,,,,,false,M26_VENDOR_FOODS_SUPPLIER_S,,,Administrator,2026-02-26 00:00:00.000,,
BARDS,REGION_LIST,FOODS,USNE ,,,,,,false,M26_VENDOR_FOODS_SUPPLIER_S,,,Administrator,2026-02-26 00:00:00.000,,
BARDS,REGION_LIST,FOODS,USNV ,,,,,,false,M26_VENDOR_FOODS_SUPPLIER_S,,,Administrator,2026-02-26 00:00:00.000,,
BARDS,REGION_LIST,FOODS,USNY ,,,,,,false,M26_VENDOR_FOODS_SUPPLIER_S,,,Administrator,2026-02-26 00:00:00.000,,
BARDS,REGION_LIST,FOODS,USOR ,,,,,,false,M26_VENDOR_FOODS_SUPPLIER_S,,,Administrator,2026-02-26 00:00:00.000,,
BARDS,REGION_LIST,FOODS,USTX ,,,,,,false,M26_VENDOR_FOODS_SUPPLIER_S,,,Administrator,2026-02-26 00:00:00.000,,
BARDS,REGION_LIST,FOODS,USUT ,,,,,,false,M26_VENDOR_FOODS_SUPPLIER_S,,,Administrator,2026-02-26 00:00:00.000,,
BARDS,REGION_LIST,FOODS,USWA ,,,,,,false,M26_VENDOR_FOODS_SUPPLIER_S,,,Administrator,2026-02-26 00:00:00.000,,
BARDS,REGION_LIST,FOODS,USWY ,,,,,,false,M26_VENDOR_FOODS_SUPPLIER_S,,,Administrator,2026-02-26 00:00:00.000,,
BARDS,REGION_LIST,FOODS,UT ,,UT,,,,false,RE_VENDOR_FOODS_SUPPLIER_S,,,Administrator,2024-09-05 00:00:00.000,kalyan.udayagiri,2025-05-22 09:59:21.267
BARDS,REGION_LIST,FOODS,UT _US,,UT,,,,false,APR25_VENDOR_FOODS_SUPPLIER_S,,,Administrator,2025-04-24 00:00:00.000,kalyan.udayagiri,2025-05-22 09:59:21.427
BARDS,REGION_LIST,FOODS,Utah,,UT,,,,false,KA_VENDOR_FOODS_SUPPLIER_S,,,Administrator,2024-07-23 00:00:00.000,kalyan.udayagiri,2025-05-22 09:59:21.260
BARDS,REGION_LIST,FOODS,WA ,,WA,,,,false,RE_VENDOR_FOODS_SUPPLIER_S,,,Administrator,2024-09-05 00:00:00.000,kalyan.udayagiri,2025-05-22 09:59:21.477
BARDS,REGION_LIST,FOODS,WA _Ca,,WA,,,,false,APR25_VENDOR_FOODS_SUPPLIER_S,,,Administrator,2025-04-24 00:00:00.000,kalyan.udayagiri,2025-05-22 09:59:21.437
BARDS,REGION_LIST,FOODS,WA _US,,WA,,,,false,APR25_VENDOR_FOODS_SUPPLIER_S,,,Administrator,2025-04-24 00:00:00.000,kalyan.udayagiri,2025-05-22 09:59:21.220
BARDS,REGION_LIST,FOODS,WA _USA,,WA,,,,false,APR25_VENDOR_FOODS_SUPPLIER_S,,,Administrator,2025-04-24 00:00:00.000,kalyan.udayagiri,2025-05-22 09:59:21.060
BARDS,REGION_LIST,FOODS,Washington,,WA,,,,false,KA_VENDOR_FOODS_SUPPLIER_S,,,Administrator,2024-07-23 00:00:00.000,kalyan.udayagiri,2025-05-22 09:59:20.863
BARDS,REGION_LIST,FOODS,WY ,,WY,,,,false,RE_VENDOR_FOODS_SUPPLIER_S,,,Administrator,2024-09-05 00:00:00.000,kalyan.udayagiri,2025-05-22 09:59:21.530
BARDS,REGION_LIST,FOODS,WY _US,,WY,,,,false,APR25_VENDOR_FOODS_SUPPLIER_S,,,Administrator,2025-04-24 00:00:00.000,kalyan.udayagiri,2025-05-22 09:59:20.860
BARDS,REGION_LIST,FOODS,Wyoming,,WY,,,,false,KA_VENDOR_FOODS_SUPPLIER_S,,,Administrator,2024-07-23 00:00:00.000,kalyan.udayagiri,2025-05-22 09:59:20.863
BARDSNEW,COUNTRY_LIST,FOO,ca,,CA,,,,false,VDK_VENDOR_FOO_SUPPLIER_S,,,Administrator,2024-07-29 00:00:00.000,donna.knox,2024-09-06 16:45:10.927
BARDSNEW,COUNTRY_LIST,FOO,us,,US,,,,false,VDK_VENDOR_FOO_SUPPLIER_S,,,Administrator,2024-07-29 00:00:00.000,donna.knox,2024-09-06 16:45:10.933
BARDSNEW,COUNTRY_LIST,FOO,usa,,,,,,false,VDK_VENDOR_FOO_SUPPLIER_S,,,Administrator,2024-07-29 00:00:00.000,,
BARDSNEW,COUNTRY_LIST,FOODS,CA,,,,,,false,,,,yash.maheshwari,2025-07-03 08:52:14.067,,
BARDSNEW,COUNTRY_LIST,FOODS,US,,AE,,,,false,AP_VENDOR_FOODS_SUPPLIER_S,,,Administrator,2024-12-12 00:00:00.000,yash.maheshwari,2025-07-03 08:51:31.333
BARDSNEW,REGION_LIST,FOO,AZ ,,US-AZ,,,,false,VDK_VENDOR_FOO_SUPPLIER_S,,,Administrator,2024-07-29 00:00:00.000,donna.knox,2024-09-06 16:44:20.377
BARDSNEW,REGION_LIST,FOO,CA ,,US-CA,,,,false,VDK_VENDOR_FOO_SUPPLIER_S,,,Administrator,2024-07-29 00:00:00.000,donna.knox,2024-09-06 16:44:19.940
BARDSNEW,REGION_LIST,FOO,ID ,,,,,,false,S2_VENDOR_FOO_SUPPLIER_S,,,Administrator,2025-12-22 00:00:00.000,,
BARDSNEW,REGION_LIST,FOO,IL ,,,,,,false,S2_VENDOR_FOO_SUPPLIER_S,,,Administrator,2025-12-22 00:00:00.000,,
BARDSNEW,REGION_LIST,FOO,MA ,,,,,,false,S2_VENDOR_FOO_SUPPLIER_S,,,Administrator,2025-12-22 00:00:00.000,,
BARDSNEW,REGION_LIST,FOO,MI ,,,,,,false,S2_VENDOR_FOO_SUPPLIER_S,,,Administrator,2025-12-22 00:00:00.000,,
BARDSNEW,REGION_LIST,FOO,MO ,,US-MO,,,,false,VDK_VENDOR_FOO_SUPPLIER_S,,,Administrator,2024-07-29 00:00:00.000,donna.knox,2024-09-06 16:44:20.477
BARDSNEW,REGION_LIST,FOO,MT ,,,,,,false,S2_VENDOR_FOO_SUPPLIER_S,,,Administrator,2025-12-22 00:00:00.000,,
BARDSNEW,REGION_LIST,FOO,NE ,,,,,,false,S2_VENDOR_FOO_SUPPLIER_S,,,Administrator,2025-12-22 00:00:00.000,,
BARDSNEW,REGION_LIST,FOO,NV ,,US-NV,,,,false,VDK_VENDOR_FOO_SUPPLIER_S,,,Administrator,2024-07-29 00:00:00.000,donna.knox,2024-09-06 16:44:19.710
BARDSNEW,REGION_LIST,FOO,NY ,,,,,,false,S2_VENDOR_FOO_SUPPLIER_S,,,Administrator,2025-12-22 00:00:00.000,,
BARDSNEW,REGION_LIST,FOO,OR ,,US-OR,,,,false,VDK_VENDOR_FOO_SUPPLIER_S,,,Administrator,2024-07-29 00:00:00.000,donna.knox,2024-09-06 16:44:20.153
BARDSNEW,REGION_LIST,FOO,TX ,,,,,,false,S2_VENDOR_FOO_SUPPLIER_S,,,Administrator,2025-12-22 00:00:00.000,,
BARDSNEW,REGION_LIST,FOO,UT ,,AU-QLD,,,,false,VDK_VENDOR_FOO_SUPPLIER_S,,,Administrator,2024-07-29 00:00:00.000,kalyan.udayagiri,2025-02-21 12:55:48.953
BARDSNEW,REGION_LIST,FOO,WA ,,US-WA,,,,false,VDK_VENDOR_FOO_SUPPLIER_S,,,Administrator,2024-07-29 00:00:00.000,donna.knox,2024-09-06 16:44:20.140
BARDSNEW,REGION_LIST,FOO,WY ,,,,,,false,S2_VENDOR_FOO_SUPPLIER_S,,,Administrator,2025-12-22 00:00:00.000,,
BARDSNEW,REGION_LIST,FOODS,Altadena,,,,,,false,AP_VENDOR_FOODS_SUPPLIER_S,,,Administrator,2026-01-09 00:00:00.000,,
BARDSNEW,REGION_LIST,FOODS,Anacortes,,,,,,false,AP_VENDOR_FOODS_SUPPLIER_S,,,Administrator,2026-01-09 00:00:00.000,,
BARDSNEW,VENDORTYPE_LIST,FOODS,Main Office,,,,,,false,MR_VENDOR_FOODS_SUPPLIER_S,,,Administrator,2024-10-22 00:00:00.000,,
BARDSNEW,REGION_LIST,FOODS,AZ ,,,,,,true,AP_VENDOR_FOODS_SUPPLIER_S,,,Administrator,2024-12-12 00:00:00.000,yash.maheshwari,2025-07-03 08:14:08.070
BARDSNEW,REGION_LIST,FOODS,Beaverton,,,,,,false,AP_VENDOR_FOODS_SUPPLIER_S,,,Administrator,2026-01-09 00:00:00.000,,
BARDSNEW,REGION_LIST,FOODS,Bellevue,,,,,,false,AP_VENDOR_FOODS_SUPPLIER_S,,,Administrator,2026-01-09 00:00:00.000,,
BARDSNEW,REGION_LIST,FOODS,Bellingham,,,,,,false,AP_VENDOR_FOODS_SUPPLIER_S,,,Administrator,2026-01-09 00:00:00.000,,
BARDSNEW,REGION_LIST,FOODS,Berkeley,,,,,,false,AP_VENDOR_FOODS_SUPPLIER_S,,,Administrator,2026-01-09 00:00:00.000,,
BARDSNEW,REGION_LIST,FOODS,Boise,,,,,,false,AP_VENDOR_FOODS_SUPPLIER_S,,,Administrator,2026-01-09 00:00:00.000,,
BARDSNEW,REGION_LIST,FOODS,Boston,,,,,,false,AP_VENDOR_FOODS_SUPPLIER_S,,,Administrator,2026-01-09 00:00:00.000,,
BARDSNEW,REGION_LIST,FOODS,Bremerton,,,,,,false,AP_VENDOR_FOODS_SUPPLIER_S,,,Administrator,2026-01-09 00:00:00.000,,
BARDSNEW,REGION_LIST,FOODS,Burbank,,,,,,false,AP_VENDOR_FOODS_SUPPLIER_S,,,Administrator,2026-01-09 00:00:00.000,,
BARDSNEW,REGION_LIST,FOODS,Burien,,,,,,false,AP_VENDOR_FOODS_SUPPLIER_S,,,Administrator,2026-01-09 00:00:00.000,,
BARDSNEW,REGION_LIST,FOODS,Burlingame,,,,,,false,AP_VENDOR_FOODS_SUPPLIER_S,,,Administrator,2026-01-09 00:00:00.000,,
BARDSNEW,REGION_LIST,FOODS,CA ,,,,,,false,AP_VENDOR_FOODS_SUPPLIER_S,,,Administrator,2024-12-12 00:00:00.000,,
BARDSNEW,REGION_LIST,FOODS,Chicago,,,,,,false,AP_VENDOR_FOODS_SUPPLIER_S,,,Administrator,2026-01-09 00:00:00.000,,
BARDSNEW,REGION_LIST,FOODS,Concord,,,,,,false,AP_VENDOR_FOODS_SUPPLIER_S,,,Administrator,2026-01-09 00:00:00.000,,
BARDSNEW,REGION_LIST,FOODS,Coronado,,,,,,false,AP_VENDOR_FOODS_SUPPLIER_S,,,Administrator,2026-01-09 00:00:00.000,,
BARDSNEW,REGION_LIST,FOODS,Corvallis,,,,,,false,AP_VENDOR_FOODS_SUPPLIER_S,,,Administrator,2026-01-09 00:00:00.000,,
BARDSNEW,REGION_LIST,FOODS,Dallas,,,,,,false,AP_VENDOR_FOODS_SUPPLIER_S,,,Administrator,2026-01-09 00:00:00.000,,
BARDSNEW,REGION_LIST,FOODS,Daly City,,,,,,false,AP_VENDOR_FOODS_SUPPLIER_S,,,Administrator,2026-01-09 00:00:00.000,,
BARDSNEW,REGION_LIST,FOODS,Detroit,,,,,,false,AP_VENDOR_FOODS_SUPPLIER_S,,,Administrator,2026-01-09 00:00:00.000,,
BARDSNEW,REGION_LIST,FOODS,Everett,,,,,,false,AP_VENDOR_FOODS_SUPPLIER_S,,,Administrator,2026-01-09 00:00:00.000,,
BARDSNEW,REGION_LIST,FOODS,Glendale,,,,,,false,AP_VENDOR_FOODS_SUPPLIER_S,,,Administrator,2026-01-09 00:00:00.000,,
BARDSNEW,REGION_LIST,FOODS,Houston,,,,,,false,AP_VENDOR_FOODS_SUPPLIER_S,,,Administrator,2026-01-09 00:00:00.000,,
BARDSNEW,REGION_LIST,FOODS,ID ,,,,,,true,AP_VENDOR_FOODS_SUPPLIER_S,,,Administrator,2024-12-12 00:00:00.000,yash.maheshwari,2025-07-03 08:14:09.333
BARDSNEW,REGION_LIST,FOODS,IL ,,,,,,false,AP_VENDOR_FOODS_SUPPLIER_S,,,Administrator,2024-12-12 00:00:00.000,,
BARDSNEW,REGION_LIST,FOODS,Issaquah,,,,,,false,AP_VENDOR_FOODS_SUPPLIER_S,,,Administrator,2026-01-09 00:00:00.000,,
BARDSNEW,REGION_LIST,FOODS,Kirkland,,,,,,false,AP_VENDOR_FOODS_SUPPLIER_S,,,Administrator,2026-01-09 00:00:00.000,,
BARDSNEW,REGION_LIST,FOODS,Lakewood,,,,,,false,AP_VENDOR_FOODS_SUPPLIER_S,,,Administrator,2026-01-09 00:00:00.000,,
BARDSNEW,REGION_LIST,FOODS,Lebanon,,,,,,false,AP_VENDOR_FOODS_SUPPLIER_S,,,Administrator,2026-01-09 00:00:00.000,,
BARDSNEW,REGION_LIST,FOODS,Lemon Grove,,,,,,false,AP_VENDOR_FOODS_SUPPLIER_S,,,Administrator,2026-01-09 00:00:00.000,,
BARDSNEW,REGION_LIST,FOODS,Long Beach,,,,,,false,AP_VENDOR_FOODS_SUPPLIER_S,,,Administrator,2026-01-09 00:00:00.000,,
BARDSNEW,REGION_LIST,FOODS,Lynnwood,,,,,,false,AP_VENDOR_FOODS_SUPPLIER_S,,,Administrator,2026-01-09 00:00:00.000,,
BARDSNEW,REGION_LIST,FOODS,MA ,,,,,,true,AP_VENDOR_FOODS_SUPPLIER_S,,,Administrator,2024-12-12 00:00:00.000,yash.maheshwari,2025-07-03 08:14:09.063
BARDSNEW,REGION_LIST,FOODS,MI ,,,,,,false,AP_VENDOR_FOODS_SUPPLIER_S,,,Administrator,2024-12-12 00:00:00.000,,
BARDSNEW,REGION_LIST,FOODS,Mill Valley,,,,,,false,AP_VENDOR_FOODS_SUPPLIER_S,,,Administrator,2026-01-09 00:00:00.000,,
BARDSNEW,REGION_LIST,FOODS,Missoula,,,,,,false,AP_VENDOR_FOODS_SUPPLIER_S,,,Administrator,2026-01-09 00:00:00.000,,
BARDSNEW,REGION_LIST,FOODS,MO ,,,,,,true,AP_VENDOR_FOODS_SUPPLIER_S,,,Administrator,2024-12-12 00:00:00.000,yash.maheshwari,2025-07-03 08:14:09.263
BARDSNEW,REGION_LIST,FOODS,MT ,,,,,,false,AP_VENDOR_FOODS_SUPPLIER_S,,,Administrator,2024-12-12 00:00:00.000,,
BARDSNEW,REGION_LIST,FOODS,NE ,,,,,,true,AP_VENDOR_FOODS_SUPPLIER_S,,,Administrator,2024-12-12 00:00:00.000,yash.maheshwari,2025-07-03 08:14:09.587
BARDSNEW,REGION_LIST,FOODS,New York,,,,,,false,AP_VENDOR_FOODS_SUPPLIER_S,,,Administrator,2026-01-09 00:00:00.000,,
BARDSNEW,REGION_LIST,FOODS,Novato,,,,,,false,AP_VENDOR_FOODS_SUPPLIER_S,,,Administrator,2026-01-09 00:00:00.000,,
BARDSNEW,REGION_LIST,FOODS,NV ,,,,,,false,AP_VENDOR_FOODS_SUPPLIER_S,,,Administrator,2024-12-12 00:00:00.000,,
BARDSNEW,REGION_LIST,FOODS,NY ,,,,,,true,AP_VENDOR_FOODS_SUPPLIER_S,,,Administrator,2024-12-12 00:00:00.000,yash.maheshwari,2025-07-03 08:14:09.467
BARDSNEW,REGION_LIST,FOODS,Olympia,,,,,,false,AP_VENDOR_FOODS_SUPPLIER_S,,,Administrator,2026-01-09 00:00:00.000,,
BARDSNEW,REGION_LIST,FOODS,OR ,,,,,,false,AP_VENDOR_FOODS_SUPPLIER_S,,,Administrator,2024-12-12 00:00:00.000,,
BARDSNEW,REGION_LIST,FOODS,Palo Alto,,,,,,false,AP_VENDOR_FOODS_SUPPLIER_S,,,Administrator,2026-01-09 00:00:00.000,,
BARDSNEW,REGION_LIST,FOODS,Port Orchard,,,,,,false,AP_VENDOR_FOODS_SUPPLIER_S,,,Administrator,2026-01-09 00:00:00.000,,
BARDSNEW,REGION_LIST,FOODS,Portland,,,,,,false,AP_VENDOR_FOODS_SUPPLIER_S,,,Administrator,2026-01-09 00:00:00.000,,
BARDSNEW,REGION_LIST,FOODS,Richmond,,,,,,false,AP_VENDOR_FOODS_SUPPLIER_S,,,Administrator,2026-01-09 00:00:00.000,,
BARDSNEW,REGION_LIST,FOODS,Salem,,,,,,false,AP_VENDOR_FOODS_SUPPLIER_S,,,Administrator,2026-01-09 00:00:00.000,,
BARDSNEW,REGION_LIST,FOODS,Salt Lake City,,,,,,false,AP_VENDOR_FOODS_SUPPLIER_S,,,Administrator,2026-01-09 00:00:00.000,,
BARDSNEW,REGION_LIST,FOODS,Santa Cruz,,,,,,false,AP_VENDOR_FOODS_SUPPLIER_S,,,Administrator,2026-01-09 00:00:00.000,,
BARDSNEW,REGION_LIST,FOODS,Spokane,,,,,,false,AP_VENDOR_FOODS_SUPPLIER_S,,,Administrator,2026-01-09 00:00:00.000,,
BARDSNEW,REGION_LIST,FOODS,Spring Valley,,,,,,false,AP_VENDOR_FOODS_SUPPLIER_S,,,Administrator,2026-01-09 00:00:00.000,,
BARDSNEW,REGION_LIST,FOODS,St. Louis,,,,,,false,AP_VENDOR_FOODS_SUPPLIER_S,,,Administrator,2026-01-09 00:00:00.000,,
BARDSNEW,REGION_LIST,FOODS,Test,,AU-TAS,,,,true,,,,yash.maheshwari,2025-07-03 08:14:36.220,yash.maheshwari,2025-07-03 08:33:42.617
BARDSNEW,REGION_LIST,FOODS,Torrance,,,,,,false,AP_VENDOR_FOODS_SUPPLIER_S,,,Administrator,2026-01-09 00:00:00.000,,
BARDSNEW,REGION_LIST,FOODS,TX ,,,,,,true,AP_VENDOR_FOODS_SUPPLIER_S,,,Administrator,2024-12-12 00:00:00.000,yash.maheshwari,2025-07-03 08:14:09.537
BARDSNEW,REGION_LIST,FOODS,UT ,,,,,,false,AP_VENDOR_FOODS_SUPPLIER_S,,,Administrator,2024-12-12 00:00:00.000,,
BARDSNEW,REGION_LIST,FOODS,W. Linn,,,,,,false,AP_VENDOR_FOODS_SUPPLIER_S,,,Administrator,2026-01-09 00:00:00.000,,
BARDSNEW,REGION_LIST,FOODS,WA ,,,,,,true,AP_VENDOR_FOODS_SUPPLIER_S,,,Administrator,2024-12-12 00:00:00.000,yash.maheshwari,2025-07-03 08:14:09.847
BARDSNEW,REGION_LIST,FOODS,West Covina,,,,,,false,AP_VENDOR_FOODS_SUPPLIER_S,,,Administrator,2026-01-09 00:00:00.000,,
BARDSNEW,REGION_LIST,FOODS,Woodburn,,,,,,false,AP_VENDOR_FOODS_SUPPLIER_S,,,Administrator,2026-01-09 00:00:00.000,,
BARDSNEW,REGION_LIST,FOODS,WY ,,,,,,false,AP_VENDOR_FOODS_SUPPLIER_S,,,Administrator,2024-12-12 00:00:00.000,,
RQ1,/1CN/CPASAP00001,RQ1,"",,,,,,false,OT_BNKA_RQ1_BNKA_S,,,Administrator,2024-09-05 00:00:00.000,,
RQ1,/Customers,FOO,"1",,Chicago,,,,false,,,,kalyan.udayagiri,2025-05-22 11:40:23.787,,
RQ1,T005,FOO,Ca,,,,,,false,NV_CHECKBOOK_FOO_SUPPLIER_S,,,Administrator,2024-10-17 00:00:00.000,,
RQ1,T005,FOO,Canada,,,,,,false,VJS_LFA1_FOO_SUPPLIER_S,,,Administrator,2025-10-01 00:00:00.000,,
RQ1,T005,FOO,United States,,,,,,false,VJS_LFA1_FOO_SUPPLIER_S,,,Administrator,2025-10-01 00:00:00.000,,
RQ1,T005,FOO,US,,,,,,false,NV_CHECKBOOK_FOO_SUPPLIER_S,,,Administrator,2024-10-17 00:00:00.000,,
RQ1,T005,FOO,USA,,,,,,false,NV_CHECKBOOK_FOO_SUPPLIER_S,,,Administrator,2024-10-17 00:00:00.000,,
RQ1,T005,FOODS,Ca,,,,,,false,OA_BNKA_FOODS_SUPPLIER_S,,,Administrator,2024-10-22 00:00:00.000,,
RQ1,T005,FOODS,US,,,,,,false,OA_BNKA_FOODS_SUPPLIER_S,,,Administrator,2024-10-22 00:00:00.000,,
RQ1,T005,FOODS,USA,,,,,,false,OA_BNKA_FOODS_SUPPLIER_S,,,Administrator,2024-10-22 00:00:00.000,,
RQ1,T005S,FOO,Arizona,,,,,,false,VJS_LFA1_FOO_SUPPLIER_S,,,Administrator,2025-10-01 00:00:00.000,,
RQ1,T005S,FOO,AZ ,,,,,,false,N25_LFA1_FOO_SUPPLIER_S,,,Administrator,2025-09-29 00:00:00.000,,
RQ1,T005S,FOO,CA ,,,,,,false,N25_LFA1_FOO_SUPPLIER_S,,,Administrator,2025-09-29 00:00:00.000,,
RQ1,T005S,FOO,California,,,,,,false,VJS_LFA1_FOO_SUPPLIER_S,,,Administrator,2025-10-01 00:00:00.000,,
RQ1,T005S,FOO,ID ,,,,,,false,N25_LFA1_FOO_SUPPLIER_S,,,Administrator,2025-09-29 00:00:00.000,,
RQ1,T005S,FOO,Idaho,,,,,,false,VJS_LFA1_FOO_SUPPLIER_S,,,Administrator,2025-10-01 00:00:00.000,,
RQ1,T005S,FOO,IL ,,,,,,false,N25_LFA1_FOO_SUPPLIER_S,,,Administrator,2025-09-29 00:00:00.000,,
RQ1,T005S,FOO,Illinois,,,,,,false,VJS_LFA1_FOO_SUPPLIER_S,,,Administrator,2025-10-01 00:00:00.000,,
RQ1,T005S,FOO,INDIA,,,,,INDIA,false,,,,priyanshu.bansal,2025-02-21 07:54:40.967,yash.maheshwari,2025-04-22 10:31:00.840
RQ1,T005S,FOO,MA ,,,,,,false,N25_LFA1_FOO_SUPPLIER_S,,,Administrator,2025-09-29 00:00:00.000,,
RQ1,T005S,FOO,Massachusetts,,,,,,false,VJS_LFA1_FOO_SUPPLIER_S,,,Administrator,2025-10-01 00:00:00.000,,
RQ1,T005S,FOO,MI ,,,,,,false,N25_LFA1_FOO_SUPPLIER_S,,,Administrator,2025-09-29 00:00:00.000,,
RQ1,T005S,FOO,Michigan,,,,,,false,VJS_LFA1_FOO_SUPPLIER_S,,,Administrator,2025-10-01 00:00:00.000,,
RQ1,T005S,FOO,Missouri,,,,,,false,VJS_LFA1_FOO_SUPPLIER_S,,,Administrator,2025-10-01 00:00:00.000,,
RQ1,T005S,FOO,MO ,,,,,,false,N25_LFA1_FOO_SUPPLIER_S,,,Administrator,2025-09-29 00:00:00.000,,
RQ1,T005S,FOO,Montana,,,,,,false,VJS_LFA1_FOO_SUPPLIER_S,,,Administrator,2025-10-01 00:00:00.000,,
RQ1,T005S,FOO,MT ,,,,,,false,N25_LFA1_FOO_SUPPLIER_S,,,Administrator,2025-09-29 00:00:00.000,,
RQ1,T005S,FOO,NE ,,,,,NE,false,NV_CHECKBOOK_FOO_SUPPLIER_S,,,Administrator,2024-10-17 00:00:00.000,priyanshu.bansal,2025-02-21 07:57:50.470
RQ1,T005S,FOO,Nebraska,,,,,,false,VJS_LFA1_FOO_SUPPLIER_S,,,Administrator,2025-10-01 00:00:00.000,,
RQ1,T005S,FOO,Nevada,,,,,,false,VJS_LFA1_FOO_SUPPLIER_S,,,Administrator,2025-10-01 00:00:00.000,,
RQ1,T005S,FOO,New York,,,,,,false,VJS_LFA1_FOO_SUPPLIER_S,,,Administrator,2025-10-01 00:00:00.000,,
RQ1,T005S,FOO,NV ,,,,,,false,N25_LFA1_FOO_SUPPLIER_S,,,Administrator,2025-09-29 00:00:00.000,,
RQ1,T005S,FOO,NY ,,,,,,false,N25_LFA1_FOO_SUPPLIER_S,,,Administrator,2025-09-29 00:00:00.000,,
RQ1,T005S,FOO,OR ,,,,,,false,N25_LFA1_FOO_SUPPLIER_S,,,Administrator,2025-09-29 00:00:00.000,,
RQ1,T005S,FOO,Oragon,,,,,,false,VJS_LFA1_FOO_SUPPLIER_S,,,Administrator,2025-10-01 00:00:00.000,,
RQ1,T005S,FOO,Oregon,,,,,,false,VJS_LFA1_FOO_SUPPLIER_S,,,Administrator,2025-10-01 00:00:00.000,,
RQ1,T005S,FOO,Texas,,,,,,false,VJS_LFA1_FOO_SUPPLIER_S,,,Administrator,2025-10-01 00:00:00.000,,
RQ1,T005S,FOO,TX ,,,,,,false,N25_LFA1_FOO_SUPPLIER_S,,,Administrator,2025-09-29 00:00:00.000,,
RQ1,T005S,FOO,UT ,,,,,,false,N25_LFA1_FOO_SUPPLIER_S,,,Administrator,2025-09-29 00:00:00.000,,
RQ1,T005S,FOO,Utah,,,,,,false,VJS_LFA1_FOO_SUPPLIER_S,,,Administrator,2025-10-01 00:00:00.000,,
RQ1,T005S,FOO,WA ,,,,,,false,N25_LFA1_FOO_SUPPLIER_S,,,Administrator,2025-09-29 00:00:00.000,,
RQ1,T005S,FOO,Washington,,,,,,false,VJS_LFA1_FOO_SUPPLIER_S,,,Administrator,2025-10-01 00:00:00.000,,
RQ1,T005S,FOO,WY ,,,,,,false,N25_LFA1_FOO_SUPPLIER_S,,,Administrator,2025-09-29 00:00:00.000,,
RQ1,T005S,FOO,Wyoming,,,,,,false,VJS_LFA1_FOO_SUPPLIER_S,,,Administrator,2025-10-01 00:00:00.000,,
RQ1,T005S,FOODS,AZ ,,,,,,false,OA_BNKA_FOODS_SUPPLIER_S,,,Administrator,2024-10-22 00:00:00.000,,
RQ1,T005S,FOODS,CA ,,,,,,false,OA_BNKA_FOODS_SUPPLIER_S,,,Administrator,2024-10-22 00:00:00.000,,
RQ1,T005S,FOODS,ID ,,,,,,false,OA_BNKA_FOODS_SUPPLIER_S,,,Administrator,2024-10-22 00:00:00.000,,
RQ1,T005S,FOODS,IL ,,,,,,false,OA_BNKA_FOODS_SUPPLIER_S,,,Administrator,2024-10-22 00:00:00.000,,
RQ1,T005S,FOODS,MA ,,,,,,false,OA_BNKA_FOODS_SUPPLIER_S,,,Administrator,2024-10-22 00:00:00.000,,
RQ1,T005S,FOODS,MI ,,,,,,false,OA_BNKA_FOODS_SUPPLIER_S,,,Administrator,2024-10-22 00:00:00.000,,
RQ1,T005S,FOODS,MO ,,,,,,false,OA_BNKA_FOODS_SUPPLIER_S,,,Administrator,2024-10-22 00:00:00.000,,
RQ1,T005S,FOODS,MT ,,,,,,false,OA_BNKA_FOODS_SUPPLIER_S,,,Administrator,2024-10-22 00:00:00.000,,
RQ1,T005S,FOODS,NE ,,,,,,false,OA_BNKA_FOODS_SUPPLIER_S,,,Administrator,2024-10-22 00:00:00.000,,
RQ1,T005S,FOODS,NV ,,,,,,false,OA_BNKA_FOODS_SUPPLIER_S,,,Administrator,2024-10-22 00:00:00.000,,
RQ1,T005S,FOODS,NY ,,,,,,false,OA_BNKA_FOODS_SUPPLIER_S,,,Administrator,2024-10-22 00:00:00.000,,
RQ1,T005S,FOODS,OR ,,,,,,false,OA_BNKA_FOODS_SUPPLIER_S,,,Administrator,2024-10-22 00:00:00.000,,
RQ1,T005S,FOODS,TX ,,,,,,false,OA_BNKA_FOODS_SUPPLIER_S,,,Administrator,2024-10-22 00:00:00.000,,
RQ1,T005S,FOODS,UT ,,,,,,false,OA_BNKA_FOODS_SUPPLIER_S,,,Administrator,2024-10-22 00:00:00.000,,
RQ1,T005S,FOODS,WA ,,,,,,false,OA_BNKA_FOODS_SUPPLIER_S,,,Administrator,2024-10-22 00:00:00.000,,
RQ1,T005S,FOODS,WY ,,,,,,false,OA_BNKA_FOODS_SUPPLIER_S,,,Administrator,2024-10-22 00:00:00.000,,
RQ1,T005S,RQ1,"",,,,,,false,OT_BNKA_RQ1_BNKA_S,,,Administrator,2024-09-05 00:00:00.000,,
RQ1,T005S,RQ1,"001",,,,,,false,OT_BNKA_RQ1_BNKA_S,,,Administrator,2024-09-05 00:00:00.000,,
RQ1,T005S,RQ1,GA,,,,,,false,OT_BNKA_RQ1_BNKA_S,,,Administrator,2024-09-05 00:00:00.000,,
RQ1,T005S,RQ1,MA,,,,,,false,OT_BNKA_RQ1_BNKA_S,,,Administrator,2024-09-05 00:00:00.000,,
RQ1,T005S,RQ1,NC,,AR:00,,,,false,OT_BNKA_RQ1_BNKA_S,,,Administrator,2024-09-05 00:00:00.000,priyanshu.bansal,2025-12-10 12:29:37.710
RQ1,T005S,RQ1,NSW,,AR:02,,,,false,OT_BNKA_RQ1_BNKA_S,,,Administrator,2024-09-05 00:00:00.000,priyanshu.bansal,2025-12-10 12:33:16.970
BARADML,COUNTRY_LIST,FOOADML,Ca,,Canada,,,,false,,,,,,,
BARADML,COUNTRY_LIST,FOOADML,US,,United States,,,,false,,,,,,,
BARADML,COUNTRY_LIST,FOOADML,USA,,United States,,,,false,,,,,,,
BARADML,REGION_LIST,FOOADML,AL,,Alabama,,,,false,,,,,,,
BARADML,REGION_LIST,FOOADML,AK,,Alaska,,,,false,,,,,,,
BARADML,REGION_LIST,FOOADML,AZ,,Arizona,,,,false,,,,,,,
BARADML,REGION_LIST,FOOADML,AR,,Arkansas,,,,false,,,,,,,
BARADML,REGION_LIST,FOOADML,CA,,California,,,,false,,,,,,,
BARADML,REGION_LIST,FOOADML,CO,,Colorado,,,,false,,,,,,,
BARADML,REGION_LIST,FOOADML,CT,,Connecticut,,,,false,,,,,,,
BARADML,REGION_LIST,FOOADML,DE,,Delaware,,,,false,,,,,,,
BARADML,REGION_LIST,FOOADML,FL,,Florida,,,,false,,,,,,,
BARADML,REGION_LIST,FOOADML,GA,,Georgia,,,,false,,,,,,,
BARADML,REGION_LIST,FOOADML,HI,,Hawaii,,,,false,,,,,,,
BARADML,REGION_LIST,FOOADML,ID,,Idaho,,,,false,,,,,,,
BARADML,REGION_LIST,FOOADML,IL,,Illinois,,,,false,,,,,,,
BARADML,REGION_LIST,FOOADML,IN,,Indiana,,,,false,,,,,,,
BARADML,REGION_LIST,FOOADML,IA,,Iowa,,,,false,,,,,,,
BARADML,REGION_LIST,FOOADML,KS,,Kansas,,,,false,,,,,,,
BARADML,REGION_LIST,FOOADML,KY,,Kentucky,,,,false,,,,,,,
BARADML,REGION_LIST,FOOADML,LA,,Louisiana,,,,false,,,,,,,
BARADML,REGION_LIST,FOOADML,ME,,Maine,,,,false,,,,,,,
BARADML,REGION_LIST,FOOADML,MD,,Maryland,,,,false,,,,,,,
BARADML,REGION_LIST,FOOADML,MA,,Massachusetts,,,,false,,,,,,,
BARADML,REGION_LIST,FOOADML,MI,,Michigan,,,,false,,,,,,,
BARADML,REGION_LIST,FOOADML,MN,,Minnesota,,,,false,,,,,,,
BARADML,REGION_LIST,FOOADML,MS,,Mississippi,,,,false,,,,,,,
BARADML,REGION_LIST,FOOADML,MO,,Missouri,,,,false,,,,,,,
BARADML,REGION_LIST,FOOADML,MT,,Montana,,,,false,,,,,,,
BARADML,REGION_LIST,FOOADML,NE,,Nebraska,,,,false,,,,,,,
BARADML,REGION_LIST,FOOADML,NV,,Nevada,,,,false,,,,,,,
BARADML,REGION_LIST,FOOADML,NH,,New Hampshire,,,,false,,,,,,,
BARADML,REGION_LIST,FOOADML,NJ,,New Jersey,,,,false,,,,,,,
BARADML,REGION_LIST,FOOADML,NM,,New Mexico,,,,false,,,,,,,
BARADML,REGION_LIST,FOOADML,NY,,New York,,,,false,,,,,,,
BARADML,REGION_LIST,FOOADML,NC,,North Carolina,,,,false,,,,,,,
BARADML,REGION_LIST,FOOADML,ND,,North Dakota,,,,false,,,,,,,
BARADML,REGION_LIST,FOOADML,OH,,Ohio,,,,false,,,,,,,
BARADML,REGION_LIST,FOOADML,OK,,Oklahoma,,,,false,,,,,,,
BARADML,REGION_LIST,FOOADML,OR,,Oregon,,,,false,,,,,,,
BARADML,REGION_LIST,FOOADML,PA,,Pennsylvania,,,,false,,,,,,,
BARADML,REGION_LIST,FOOADML,RI,,Rhode Island,,,,false,,,,,,,
BARADML,REGION_LIST,FOOADML,SC,,South Carolina,,,,false,,,,,,,
BARADML,REGION_LIST,FOOADML,SD,,South Dakota,,,,false,,,,,,,
BARADML,REGION_LIST,FOOADML,TN,,Tennessee,,,,false,,,,,,,
BARADML,REGION_LIST,FOOADML,TX,,Texas,,,,false,,,,,,,
BARADML,REGION_LIST,FOOADML,UT,,Utah,,,,false,,,,,,,
BARADML,REGION_LIST,FOOADML,VT,,Vermont,,,,false,,,,,,,
BARADML,REGION_LIST,FOOADML,VA,,Virginia,,,,false,,,,,,,
BARADML,REGION_LIST,FOOADML,WA,,Washington,,,,false,,,,,,,
BARADML,REGION_LIST,FOOADML,WV,,West Virginia,,,,false,,,,,,,
BARADML,REGION_LIST,FOOADML,WI,,Wisconsin,,,,false,,,,,,,
BARADML,REGION_LIST,FOOADML,WY,,Wyoming,,,,false,,,,,,,
BARADML,REGION_LIST,FOOADML,AB,,Alberta,,,,false,,,,,,,
BARADML,REGION_LIST,FOOADML,BC,,British Columbia,,,,false,,,,,,,
BARADML,REGION_LIST,FOOADML,MB,,Manitoba,,,,false,,,,,,,
BARADML,REGION_LIST,FOOADML,NB,,New Brunswick,,,,false,,,,,,,
BARADML,REGION_LIST,FOOADML,NL,,Newfoundland and Labrador,,,,false,,,,,,,
BARADML,REGION_LIST,FOOADML,NT,,Northwest Territories,,,,false,,,,,,,
BARADML,REGION_LIST,FOOADML,NS,,Nova Scotia,,,,false,,,,,,,
BARADML,REGION_LIST,FOOADML,NU,,Nunavut,,,,false,,,,,,,
BARADML,REGION_LIST,FOOADML,ON,,Ontario,,,,false,,,,,,,
BARADML,REGION_LIST,FOOADML,PE,,Prince Edward Island,,,,false,,,,,,,
BARADML,REGION_LIST,FOOADML,QC,,Quebec,,,,false,,,,,,,
BARADML,REGION_LIST,FOOADML,SK,,Saskatchewan,,,,false,,,,,,,
BARADML,REGION_LIST,FOOADML,YT,,Yukon,,,,false,,,,,,,
